,Product,Grams,Kilograms,Cost,Cost (NF),PPG,PPG (NF)
3,Product 4,1g,0.001kg,$0.01,0.01,$0.01,0.01
0,Product 1,350g,0.35kg,$10.00,10.0,$0.03,0.02857142857142857
1,Product 2,450g,0.45kg,$15.00,15.0,$0.03,0.03333333333333333
2,Product 3,1000g,1.0kg,$50.00,50.0,$0.05,0.05
